Model,Correlation,Std_Model,Std_Ref,TSS
ACCESS-CM2,0.984398342770863,8.13483300158511,8.230633921281877,0.8755500080339549
ACCESS-ESM1-5,0.9660660913730663,7.964929683750661,8.230633921281877,0.8173541203147514
AWI-ESM-1-1-LR,0.9806516655153712,7.618456967765747,8.230633921281877,0.8562109882250568
BCC-ESM1,0.937469937830551,7.67026185925845,8.230633921281877,0.7538486658309683
CESM2-WACCM,0.9851842815278008,7.461399548493859,8.230633921281877,0.8665892778353285
CMCC-CM2-HR4,0.9851728255619073,8.33454734028226,8.230633921281877,0.8771420805004413
EC-Earth3-CC,0.9902192904657168,8.517303249736287,8.230633921281877,0.8964243450003208
FGOALS-f3-L,0.9887304019306494,8.181881598133575,8.230633921281877,0.894073668408368
GFDL-ESM4,0.9825923918528863,8.62642286024617,8.230633921281877,0.8607129329577692
GISS-E2-1-G,0.9654117181700581,7.131482871046551,8.230633921281877,0.8028041188085518
IITM-ESM,0.9752992650878098,8.056348788037608,8.230633921281877,0.8437889679390713
INM-CM4-8,0.9645621383145986,6.7658493617590425,8.230633921281877,0.787945110862255
IPSL-CM6A-LR,0.979462211063883,8.878567229066594,8.230633921281877,0.8410875788053508
KACE-1-0-G,0.9557519716167168,6.836562439311077,8.230633921281877,0.7739522541478991
KIOST-ESM,0.9866706062396391,8.302353169791902,8.230633921281877,0.883881498837581
MIROC6,0.9710323569146286,8.255140119322826,8.230633921281877,0.8295349742644006
MPI-ESM-1-2-HAM,0.9866162679162833,7.959581744425403,8.230633921281877,0.8838740357859939
NESM3,0.9810364522411922,7.719808163853948,8.230633921281877,0.8595985663359
SAM0-UNICON,0.9832120963767519,8.252174472613689,8.230633921281877,0.8702492226320327
TaiESM1,0.9691084823508984,8.12357488370732,8.230633921281877,0.8251449291869662
